risk_allele	chromosome	base_pair_location	p_value_disease1	neg_log_p_value_disease1	beta_disease1	odds_ratio_disease1	z_score_disease1	effect_allele_frequency_disease1	effect_allele	other_allele	p_value_disease2	neg_log_p_value_disease2	beta_disease2	odds_ratio_disease2	z_score_disease2	effect_allele_frequency_disease2
rs9405192	6	382537	0.00049398112417	3.306289645864598	-0.05712617636834	0.9444748914361724	-3.483999113468005	0.262075	A	G	4e-06	5.3979400086720375	-0.083381608939051	0.92	4.611382362302669
rs9378774	6	382897	0.0001425066243223	3.846164947306212	-0.0678909735019212	0.934362338277816	-3.803776743850212	0.282277	A	G	5.3e-06	5.275724130399211	-0.083381608939051	0.92	4.552548251109881
rs7773997	6	384970	1.1160983961759142e-06	5.952297515942795	-0.0824417794140444	0.9208650495989096	-4.869979478097111	0.352153	T	C	0.00038	3.42021640338319	-0.0618754037180875	0.94	3.5535977143914805
rs2797304	6	386636	1.5596833013484907e-06	5.806963577568517	-0.0817918661285748	0.9214637265517484	-4.803432697428609	0.338403	A	G	0.0031	2.5086383061657274	-0.0512932943875505	0.95	2.9576439172550852
rs9391997	6	409119	2.500061263058182e-06	5.602049348975113	-0.0685945847822629	0.933705141629278	-4.708124719497897	0.460433	A	G	1.6e-07	6.795880017344075	-0.0725706928348353	0.93	5.2406637884309895
rs1050979	6	410417	4.078660520706189e-06	5.3894824408264554	-0.067196770520812	0.9350112005935032	-4.607333248513801	0.460746	A	G	1e-07	7.0	-0.0725706928348353	0.93	5.326723886384497
rs872071	6	411064	3.355824558450394e-06	5.4742007520413525	-0.0677732335409839	0.934472356539672	-4.6477455802750445	0.460726	A	G	8e-08	7.096910013008056	-0.0725706928348353	0.93	5.367128639930626
rs2063736	6	420768	9.825154499165593e-07	6.007660611679506	-0.0723809030659196	0.930176521235524	-4.89510842080399	0.383105	A	G	7.7e-07	6.113509274827518	-0.0725706928348353	0.93	4.9428214461033795
rs6930468	6	426268	0.0005976234120321	3.2235723972749635	-0.0533629952950629	0.9480358174741992	-3.432690711956166	0.313646	A	G	5.5e-11	10.259637310505756	-0.0943106794712412	0.91	6.556731257937856
rs56306240	6	426346	0.007053956891898	2.151567198718434	-0.04503207539782	0.9559668183253298	-2.694286184070722	0.232873	T	C	1.3e-08	7.886056647693163	-0.083381608939051	0.92	5.686064910868037
rs12208082	6	427455	0.0080303114635177	2.095267609856588	-0.0424387839219562	0.9584491362222576	-2.650792690545138	0.26313	A	G	3.8e-09	8.42021640338319	-0.083381608939051	0.92	5.892672096042114
rs9405665	6	427972	4.067546281730136e-06	5.390667496833474	0.0672741984351019	1.0695887175224252	4.607900799278425	0.499331	T	C	3e-07	6.522878745280337	0.0769610411361284	1.08	5.12344700001643
rs12528146	6	428416	3.5661199122174497e-06	5.4478040575883755	0.0676575997926611	1.069998877911754	4.635188716031969	0.499205	T	C	3.2e-07	6.494850021680094	0.0769610411361284	1.08	5.1112701470958255
rs1473602	6	428722	0.0184076201489572	1.7350023561448191	-0.044660221984539	0.956322363951038	-2.357315093312626	0.164827	A	G	3.1e-06	5.508638306165727	-0.0725706928348353	0.93	4.664080513520738
rs1567901	6	433061	1.0464855068631789e-06	5.980266781976926	0.0708669435366068	1.0734383884502097	4.88268957125976	0.487868	A	C	2.6e-08	7.585026652029182	0.0769610411361284	1.08	5.566437483503077
rs2048698	6	433962	7.576685351538027e-07	6.120520747979313	0.0719205811946355	1.0745699996092315	4.945966848989964	0.491447	T	C	4.9e-08	7.309803919971486	0.0769610411361284	1.08	5.4549014988565725
rs7454545	6	434348	7.228280796604092e-07	6.140964984770901	0.0720334561874219	1.074691298535865	4.9551276803260516	0.491473	T	C	6.6e-08	7.180456064458132	0.0676586484738148	1.07	5.401733376418005
rs4256472	6	434915	5.136808750147838e-07	6.289306603304596	0.0730233143097394	1.075755617122	5.021131081527588	0.49163	A	G	6.7e-08	7.173925197299173	0.0676586484738148	1.07	5.399035812429951
rs9392525	6	435677	4.123676739646528e-06	5.3847153869603614	-0.0742906303924157	0.9284018328392848	-4.605049544169325	0.425704	T	C	1.2e-08	7.920818753952375	-0.0725706928348353	0.93	5.699726203455604
rs9503757	6	438372	0.0001738285927837	3.7598787856153257	-0.0573266935352182	0.9442855269927994	-3.754297090689948	0.335763	A	G	6.1e-10	9.214670164989233	-0.083381608939051	0.92	6.187824979144977
rs9392017	6	442357	4.829822382741184e-05	4.316068840183013	-0.0712574629983611	0.9312221060253348	-4.063712918805067	0.22511	A	G	3.3e-06	5.481486060122113	-0.0725706928348353	0.93	4.651205675830309
rs7740707	6	446540	0.0001850589294416	3.732689954537031	-0.0571091375660563	0.9444909842942107	-3.738584992894928	0.338692	A	C	7.5e-10	9.1249387366083	-0.083381608939051	0.92	6.155163669214853
rs9405210	6	448349	0.0031408062370985	2.502958855309412	-0.056967969185879	0.9446243259681484	-2.95361002726644	0.185428	A	G	5.1e-06	5.292429823902063	-0.0725706928348353	0.93	4.560631550428248
rs9392537	6	z	0.0004735486528584	3.3246353945224585	-0.0698405273777354	0.932542523050117	-3.4952890296117283	0.173303	A	G	9.8e-06	5.008773924307505	-0.0725706928348353	0.93	4.421539817913715
rs4339511	6	451895	9.509078471616524e-06	5.0218615686655	-0.0647127509807553	0.9373366737505814	-4.4280456364646295	0.436313	T	C	0.00067	3.1739251972991736	-0.0408219945202551	0.96	3.401569866686892
rs10814909	9	4274786	5.9611183537677595e-06	5.224672255476681	-0.0793657030752	0.9237020619855452	-4.527763714808206	0.208542	T	C	0.22	0.6575773191777937	0.0198026272961797	1.02	1.2265281200366007
rs3892354	9	4282942	2.619779769745494e-11	10.58173521585748	0.097143414262207	1.10201840744543	6.666498717514506	0.420095	T	G	0.51	0.2924298239020636	-0.0100503358535014	0.99	0.6588376927361879
rs7034200	9	4289050	2.0083983331269885e-11	10.697150147740857	0.097235059299775	1.1021194065917457	6.705411319047158	0.481184	A	C	0.25	0.6020599913279624	-0.0202027073175194	0.98	1.1503493803760003
rs10116772	9	4290541	2.3738144353075316e-12	11.62455323351614	0.1022651938848119	1.1076771819961395	7.010550969217173	0.40883	A	C	0.28	0.5528419686577808	-0.0100503358535014	0.99	1.080319340814949
rs10814915	9	4290544	2.776704260667455e-11	10.556470373328516	0.0968549831972871	1.101700596938024	6.657951467448588	0.422859	T	C	0.3	0.5228787452803376	-0.0100503358535014	0.99	1.0364333894937832
rs6476842	9	4291268	2.2175063488479395e-10	9.65413512808443	-0.0922976879744542	0.9118336672211494	-6.345467759894995	0.475281	T	C	0.63	0.2006594505464183	0.009950330853168	1.01	0.4817268495847302
rs10758593	9	4292083	4.4510038601083685e-12	11.351542029077835	0.1011635972735559	1.1064576404108537	6.922067075958521	0.406615	A	G	0.39	0.4089353929735008	-0.0100503358535014	0.99	0.8596173642419117
rs10814916	9	4293150	1.8441380781822524e-11	10.734206564655713	-0.0976684106919725	0.9069495886857396	-6.71785915574543	0.487484	A	C	0.16	0.7958800173440752	0.0198026272961797	1.02	1.4050715603096189
rs10758594	9	4295583	2.1817157025847238e-11	10.661201842584926	0.097522316036496	1.1024360432917952	6.693314483984718	0.421529	A	G	0.44	0.3565473235138126	-0.0100503358535014	0.99	0.7721932141886846
rs4339696	9	4295880	6.040972655763214e-11	10.218893130083814	-0.095278228863277	0.909119955864986	-6.542720359754234	0.48447	T	G	0.34	0.4685210829577448	0.009950330853168	1.01	0.9541652531461888
